{ 
    "restartPoint": {},
    "restartBot": {},
    "userAgent": {},
    "keyCommand": "",
    "autoAdd": false,
    "autoJoin": false,
    "autoReject": false,
    "autoLeave": true,
    "autoRead": false,
    "server": {},
    "changePicture": false,
    "changeGroupPicture": false,
    "autoJoinTicket": false,
    "Img": {},
    "Images": {},
    "Addimage": false,
    "AKAdmin": {},
    "AKGfoto": {},
    "AKSDadmin": false,
    "AKSDstaff": false,
    "AKSadmin": false,
    "AKSstaff": false,
    "AKStaff": {},
    "AKautojoin": true,
    "AKautoread": false,
    "AKautoscan": false,
    "AKblacklist": {
        "ucf97e89bfc77943c7d11c52c9c46b2b9": true
    },
    "AKdblacklist": false,
    "AKfoto": {},
    "AKgreet": {},
    "AKlimit": 1,
    "AKmessage": "Hallo...",
    "AKmessage1": "Minat? Chat http://line.me/ti/p/~",
    "AKprotcancel": {},
    "AKprotinvite": {},
    "AKprotkick": {},
    "AKprotqr": {},
    "AKreadMember": {},
    "AKreadPoint": {},
    "AKwblacklist": false
}
