{
    "token1": "ErSIksrdP62vumVG3UZ7.sasq9RIiWUfqQVDkwxaePW./4cYQzhX0DlaH9F9ZWdo4FvFqn3taNFSLhSHiHMLHB8=",
    "token2": "ErRs8dUsscW7lCDWSQe9.Fnviza27AAk8+PZMykUcsq.Gl5OtrzjyJ/FZKpxRbeR4c7scxhqeDGAZKOSVq9GE/s=",
    "token3": "ErZbdsZgMxjDMQuBNHb0.gT3jZDo5KL+opOr1B1uR8a.1A4pYR/7SfZpcIQU6Qi8HEP+haI84Hkb75/0V1MFNyA=",
    "token4": "ErVZJX2RT25duRMVbOda.BtbXmFJ37VwCdSOwO2m0YG.hTeL5LKBCp4jBjquh++WW3xDFSp191rlZTiuHDrkHVY=",
    "token5": "ErUeQ4BEt7ftavxcSMCd.rLLdN8rxPM56EqR/zhdEFq.Wkjy39/DWN67HuE3qbMih1QayJD6TXCpCSnJb6fc4RA=",
    "token6": "Ersv4HrxKeUKAlrXqXyd.Tuv5sYYdP7riM/ye4Fo33q.0lpicH2CCemVLeGSjmUkHh22YAQhCjcWksqdnV72PiM=",
    "token7": "Er8NPmAPgV22fIE3uG73.z4vYfiQw9PC94X8wOE8eGW.3UvIXwoPjRpdoOlxPvQeyXKUe85POr7cikvNg171DZ0="
}